{"stats":{"minecraft:killed":{"minecraft:pig":14,"minecraft:spider":3,"minecraft:creeper":1,"minecraft:skeleton":16,"minecraft:sheep":8,"minecraft:zombie":19,"minecraft:cow":8},"minecraft:custom":{"minecraft:interact_with_furnace":11,"minecraft:mob_kills":69,"minecraft:interact_with_crafting_table":9,"minecraft:leave_game":1,"minecraft:time_since_death":54780,"minecraft:time_since_rest":54780,"minecraft:sprint_one_cm":84182,"minecraft:damage_taken":1388,"minecraft:walk_one_cm":159496,"minecraft:damage_blocked_by_shield":1633,"minecraft:drop":15,"minecraft:damage_dealt":10141,"minecraft:fly_one_cm":140741,"minecraft:open_chest":4,"minecraft:play_time":54780,"minecraft:crouch_one_cm":17759,"minecraft:sneak_time":6473,"minecraft:jump":968,"minecraft:walk_on_water_one_cm":345,"minecraft:total_world_time":54780,"minecraft:fall_one_cm":28493},"minecraft:used":{"minecraft:beetroot":1,"minecraft:diorite":1,"minecraft:stone_sword":135,"minecraft:stone_pickaxe":88,"minecraft:wooden_pickaxe":38,"minecraft:shield":42,"minecraft:rotten_flesh":18,"minecraft:torch":5,"minecraft:dirt":7,"minecraft:mutton":12,"minecraft:crafting_table":6,"minecraft:carrot":10,"minecraft:white_bed":2,"minecraft:apple":1,"minecraft:string":1,"minecraft:iron_pickaxe":195,"minecraft:stone_axe":60,"minecraft:cobblestone":33,"minecraft:beef":13,"minecraft:furnace":2,"minecraft:beetroot_seeds":1,"minecraft:cobbled_deepslate":11},"minecraft:dropped":{"minecraft:wheat_seeds":24,"minecraft:dripstone_block":8,"minecraft:beetroot_seeds":6,"minecraft:andesite":4,"minecraft:spider_eye":1,"minecraft:arrow":1,"minecraft:wooden_pickaxe":1,"minecraft:dandelion":1},"minecraft:crafted":{"minecraft:oak_planks":24,"minecraft:crafting_table":1,"minecraft:wooden_pickaxe":1,"minecraft:iron_helmet":1,"minecraft:furnace":2,"minecraft:stone_axe":1,"minecraft:air":0,"minecraft:iron_boots":1,"minecraft:iron_chestplate":1,"minecraft:shield":1,"minecraft:stick":12,"minecraft:iron_ingot":28,"minecraft:iron_pickaxe":1,"minecraft:stone_pickaxe":1,"minecraft:stone_sword":1,"minecraft:iron_leggings":1,"minecraft:white_bed":1,"minecraft:torch":8},"minecraft:picked_up":{"minecraft:crafting_table":5,"minecraft:wheat":3,"minecraft:andesite":4,"minecraft:leather":5,"minecraft:potato":10,"minecraft:oak_log":6,"minecraft:gunpowder":1,"minecraft:dirt":7,"minecraft:lapis_lazuli":95,"minecraft:string":1,"minecraft:raw_copper":23,"minecraft:bone":16,"minecraft:beetroot":1,"minecraft:apple":1,"minecraft:wheat_seeds":24,"minecraft:cobbled_deepslate":49,"minecraft:raw_gold":34,"minecraft:beef":20,"minecraft:furnace":1,"minecraft:stick":2,"minecraft:raw_iron":109,"minecraft:dandelion":1,"minecraft:dripstone_block":8,"minecraft:porkchop":26,"minecraft:diorite":3,"minecraft:white_bed":1,"minecraft:carrot":10,"minecraft:redstone":51,"minecraft:spider_eye":1,"minecraft:arrow":20,"minecraft:rotten_flesh":20,"minecraft:diamond":8,"minecraft:beetroot_seeds":7,"minecraft:emerald":1,"minecraft:mutton":12,"minecraft:coal":40,"minecraft:white_wool":8,"minecraft:cobblestone":61},"minecraft:broken":{"minecraft:stone_sword":1},"minecraft:mined":{"minecraft:deepslate_redstone_ore":5,"minecraft:white_bed":1,"minecraft:farmland":1,"minecraft:deepslate_diamond_ore":8,"minecraft:sculk_vein":2,"minecraft:dandelion":1,"minecraft:crafting_table":5,"minecraft:short_grass":5,"minecraft:emerald_ore":1,"minecraft:grass_block":3,"minecraft:sculk_sensor":1,"minecraft:tall_grass":5,"minecraft:copper_ore":7,"minecraft:cobblestone":4,"minecraft:deepslate_gold_ore":24,"minecraft:diorite":3,"minecraft:redstone_ore":7,"minecraft:furnace":2,"minecraft:carrots":10,"minecraft:iron_ore":80,"minecraft:wheat":15,"minecraft:cobbled_deepslate":2,"minecraft:andesite":4,"minecraft:deepslate_lapis_ore":14,"minecraft:oak_log":6,"minecraft:potatoes":9,"minecraft:coal_ore":24,"minecraft:beetroots":5,"minecraft:deepslate_iron_ore":32,"minecraft:dirt":4,"minecraft:stone":54,"minecraft:gold_ore":11,"minecraft:oak_leaves":1,"minecraft:deepslate":36}},"DataVersion":3700}