{"stats":{"minecraft:mined":{"minecraft:deepslate_redstone_ore":4,"minecraft:large_amethyst_bud":1,"minecraft:tuff":4,"minecraft:deepslate_diamond_ore":9,"minecraft:amethyst_cluster":1,"minecraft:powder_snow":18,"minecraft:brewing_stand":1,"minecraft:crafting_table":8,"minecraft:torch":2,"minecraft:glow_lichen":1,"minecraft:short_grass":9,"minecraft:grass_block":1,"minecraft:sculk_sensor":1,"minecraft:cobblestone":8,"minecraft:deepslate_gold_ore":56,"minecraft:oak_planks":3,"minecraft:sculk":6,"minecraft:diorite":4,"minecraft:wall_torch":6,"minecraft:hay_block":23,"minecraft:furnace":2,"minecraft:iron_ore":24,"minecraft:deepslate_lapis_ore":2,"minecraft:yellow_bed":1,"minecraft:sculk_shrieker":4,"minecraft:oak_log":10,"minecraft:coal_ore":71,"minecraft:deepslate_iron_ore":44,"minecraft:stone":27,"minecraft:gold_ore":2,"minecraft:oak_leaves":2,"minecraft:deepslate":100},"minecraft:used":{"minecraft:water_bucket":8,"minecraft:stone_pickaxe":3,"minecraft:oak_planks":6,"minecraft:wooden_pickaxe":8,"minecraft:shield":15,"minecraft:diamond_axe":33,"minecraft:stone_hoe":25,"minecraft:torch":57,"minecraft:dirt":1,"minecraft:crafting_table":8,"minecraft:wooden_axe":35,"minecraft:diamond_pickaxe":188,"minecraft:bread":27,"minecraft:iron_pickaxe":179,"minecraft:stone_axe":50,"minecraft:cobblestone":18,"minecraft:furnace":2,"minecraft:bucket":8,"minecraft:yellow_bed":1,"minecraft:cobbled_deepslate":26,"minecraft:iron_leggings":1},"minecraft:picked_up":{"minecraft:crafting_table":8,"minecraft:leather":5,"minecraft:oak_log":10,"minecraft:tuff":3,"minecraft:brewing_stand":1,"minecraft:yellow_bed":1,"minecraft:gunpowder":2,"minecraft:dirt":1,"minecraft:lapis_lazuli":15,"minecraft:string":2,"minecraft:bone":19,"minecraft:bow":4,"minecraft:wheat_seeds":2,"minecraft:cobbled_deepslate":94,"minecraft:raw_gold":58,"minecraft:iron_ingot":6,"minecraft:beef":4,"minecraft:oak_planks":3,"minecraft:furnace":2,"minecraft:raw_iron":68,"minecraft:torch":9,"minecraft:porkchop":11,"minecraft:amethyst_shard":4,"minecraft:diorite":4,"minecraft:redstone":18,"minecraft:arrow":20,"minecraft:rotten_flesh":6,"minecraft:diamond":9,"minecraft:hay_block":23,"minecraft:gray_wool":1,"minecraft:mutton":15,"minecraft:coal":126,"minecraft:white_wool":10,"minecraft:cobblestone":28},"minecraft:custom":{"minecraft:interact_with_furnace":32,"minecraft:mob_kills":47,"minecraft:interact_with_crafting_table":24,"minecraft:leave_game":3,"minecraft:time_since_death":3697,"minecraft:time_since_rest":3721,"minecraft:sprint_one_cm":142909,"minecraft:damage_taken":1658,"minecraft:walk_one_cm":63610,"minecraft:damage_blocked_by_shield":474,"minecraft:drop":18,"minecraft:damage_dealt":7319,"minecraft:swim_one_cm":2892,"minecraft:talked_to_villager":1,"minecraft:fly_one_cm":275895,"minecraft:open_chest":4,"minecraft:crouch_one_cm":54540,"minecraft:play_time":50916,"minecraft:deaths":1,"minecraft:sneak_time":15376,"minecraft:walk_under_water_one_cm":1603,"minecraft:jump":1288,"minecraft:walk_on_water_one_cm":2637,"minecraft:total_world_time":50916,"minecraft:fall_one_cm":55397},"minecraft:dropped":{"minecraft:stone_axe":1,"minecraft:wheat_seeds":2,"minecraft:tuff":3,"minecraft:cobblestone":2,"minecraft:potato":9,"minecraft:gray_wool":1,"minecraft:diorite":4,"minecraft:wooden_axe":1,"minecraft:bow":4,"minecraft:stone_pickaxe":1,"minecraft:wooden_pickaxe":1,"minecraft:string":2},"minecraft:killed_by":{"minecraft:warden":1},"minecraft:killed":{"minecraft:pig":6,"minecraft:spider":2,"minecraft:iron_golem":1,"minecraft:creeper":1,"minecraft:sheep":11,"minecraft:skeleton":16,"minecraft:zombie":6,"minecraft:cow":3},"minecraft:crafted":{"minecraft:oak_planks":40,"minecraft:diamond_axe":1,"minecraft:crafting_table":1,"minecraft:iron_helmet":1,"minecraft:wooden_pickaxe":1,"minecraft:furnace":2,"minecraft:bucket":1,"minecraft:stone_axe":1,"minecraft:bread":39,"minecraft:air":0,"minecraft:iron_boots":1,"minecraft:iron_chestplate":1,"minecraft:diamond_pickaxe":1,"minecraft:shield":1,"minecraft:stick":32,"minecraft:iron_ingot":26,"minecraft:iron_pickaxe":1,"minecraft:stone_pickaxe":1,"minecraft:wooden_axe":1,"minecraft:iron_leggings":1,"minecraft:torch":48,"minecraft:stone_hoe":1,"minecraft:wheat":117}},"DataVersion":3700}